{
  "dataset_info": {
    "total_queries": 191,
    "avg_relevant_docs": 4.989528795811518,
    "relevant_docs_range": [
      4,
      5
    ],
    "categories": {
      "operations": 81,
      "strategy": 14,
      "technology": 10,
      "production": 19,
      "projects": 22,
      "financial": 25,
      "safety": 13,
      "environment": 7
    }
  },
  "enhanced_metrics": {
    "Recall@1": 0.1342931937172772,
    "Recall@3": 0.21413612565445,
    "Recall@5": 0.21413612565445,
    "Recall@10": 0.23193717277486894,
    "Precision@1": 0.6701570680628273,
    "Precision@3": 0.35602094240837695,
    "Precision@5": 0.2136125654450259,
    "Precision@10": 0.11570680628272242,
    "F1@1": 0.22374915451755922,
    "F1@3": 0.26742436261712776,
    "F1@5": 0.21387402513345313,
    "F1@10": 0.1543919132025483,
    "MRR": 0.6806906008476687,
    "NDCG@1": 0.6701570680628273,
    "NDCG@3": 0.43230315269276737,
    "NDCG@5": 0.31287433698205047,
    "NDCG@10": 0.3221811831286615,
    "Hit_Rate": 0.7591623036649214
  }
}