{
  "bm25": {
    "recall@1": 0.0,
    "recall@3": 0.005235602094240838,
    "recall@5": 0.005235602094240838,
    "recall@10": 0.010471204188481676,
    "recall@20": 0.015706806282722512,
    "precision@1": 0.0,
    "precision@3": 0.001745200698080279,
    "precision@5": 0.0010471204188481676,
    "precision@10": 0.0010471204188481676,
    "precision@20": 0.0007853403141361258,
    "mrr": 0.003547809313860567
  },
  "dense": {
    "recall@1": 0.005235602094240838,
    "recall@3": 0.005235602094240838,
    "recall@5": 0.005235602094240838,
    "recall@10": 0.005235602094240838,
    "recall@20": 0.010471204188481676,
    "precision@1": 0.005235602094240838,
    "precision@3": 0.001745200698080279,
    "precision@5": 0.0010471204188481676,
    "precision@10": 0.0005235602094240838,
    "precision@20": 0.0005235602094240838,
    "mrr": 0.00554357868801971
  },
  "hybrid": {
    "recall@1": 0.0,
    "recall@3": 0.005235602094240838,
    "recall@5": 0.005235602094240838,
    "recall@10": 0.010471204188481676,
    "recall@20": 0.015706806282722512,
    "precision@1": 0.0,
    "precision@3": 0.001745200698080279,
    "precision@5": 0.0010471204188481676,
    "precision@10": 0.0010471204188481676,
    "precision@20": 0.0007853403141361258,
    "mrr": 0.003547809313860567
  },
  "hybrid_rerank": {
    "recall@1": 0.010471204188481676,
    "recall@3": 0.010471204188481676,
    "recall@5": 0.010471204188481676,
    "recall@10": 0.031413612565445025,
    "recall@20": 0.031413612565445025,
    "precision@1": 0.010471204188481676,
    "precision@3": 0.003490401396160558,
    "precision@5": 0.0020942408376963353,
    "precision@10": 0.003141361256544503,
    "precision@20": 0.0015706806282722516,
    "mrr": 0.01345258871436882
  }
}